<?xml version="1.0" encoding="UTF-8"?>
<?xml-model href="../Relax-NG/Relax-NG%20Exercise2.rnc" type="application/relax-ng-compact-syntax"?>
<root>
    <title>BALLAD OF BOOKER T.</title>
<author>by Langston Hughes</author>
    <!--In this poem, the narrator tries to reconcile the reputation of Booker T. 
    Washington as collaborator with white racists with the time period and place.-->
<line>Booker T.</line>
    <line num="1">Was a practical man.</line>
    <line num="2">He said, Till the soil</line>
    <line num="3">And learn from the land.</line>
    <stamp color="red">Red Stamp from library of Congress</stamp>
    <line num="4">Let down your bucket</line>
    <line num="5">Where you are.</line>
<!--   Line 4 and 5 come from Washington's famous 1895 speech in Atlanta, Georgia, at the Cotton States and International Exposition.
-->    
    <line num="6">Your fate is here</line>
    <line num="7">And not afar.</line>
    <line num="8">To help yourself</line>
    <line num="9">And your fellow man,</line>
    <line num="10">Train your head,</line>
    <line num="11">Your heart, and your hand.</line>
    <line num="12">For smartness alone's</line>
    <line num="13">Surely not meet<xtnd>—</xtnd></line>
    <line num="14">If you haven't at the same time</line>
    <line num="15">Got something to eat.</line>
    <line num="16">Thus at Tuskegee</line>
    <line num="17">He built a school</line>
    <line num="18">With book-learning there</line>
    <line num="19">And the workman's tool.</line>
    <line num="20">He started out</line>
    <line num="21">In a simple way<xtnd>—</xtnd></line>
    <line num="22">For yesterday</line>
    <line num="23">Was not today.</line>
    <line num="24">Sometimes he had</line>
    <line num="25">Compromise in his talk<xtnd>—</xtnd></line>
    <line num="26">For a man must crawl</line>
    <line num="27">Before he can walk<xtnd>—</xtnd></line>
    <line num="28">And in Alabama in '85</line>
    <line num="29">A joker was lucky</line>
    <!--In line 29 he reminds the reader that the South late in 
    nineteenth century was a dangerous place for an African American to protest racial segregation 
    or appear to question white supremacy.-->
    <line num="30">But Booker T.</line>
    <line num="31">Was nobody's fool:</line>
    <line num="32">You may carve a dream</line>
    <line num="33">With an humble tool.</line>
    <line num="34">The tallest tower</line>
    <line num="35">Can tumble down</line>
    <line num="36">If it be not rooted</line>
    <line num="37">In solid ground.</line>
    <line num="38">So, being a far-seeing</line>
    
<trans>Transcript</trans>
<page>Page 2 of 2</page>
    <line num="39">Education and Outreach Division</line>
    <line num="40">Practical man,</line>
    <line num="41">He said, Train your head,</line>
    <line num="42">Your heart, <underlined>and your hand</underlined>.</line>
    <line num="43">Your fate is here</line>
    <line num="44">And not afar,</line>
    <line num="45">So let down your bucket</line>
    <line num="46">Where you are.</line>
    <metainfo>John Mercer Langston was second only to Frederick Douglass in his position as a leader among African Americans late in the nineteenth century. 
        He fought to advance the position of blacks in the United States both before and after emancipation, by working to end slavery and later ensuring that 
        African Americans had access to education and the right to vote.</metainfo>
<footing><signature name="LANGSTON HUGHES">LANGSTON HUGHES</signature>
 
<!--Here he signs-->
    Final Draft,
<location>Hollow Hills Farm,
Monterey, California,</location>
    <date>June 1, 1941.</date>
</footing>
</root>


